KLTWOWEHBT,OXVKQGZDUV,AFCNCQYYIS,FTYUULKZCG,PNNWELNAHV,QDAHZJUVUP,QDINBMIELX,HEQERANKBQ,FIVZORCEPJ,FRYDNZFTDH,PPUKUINTXU,DNZPFVURYU,LLEVNDXTQC,IHSKTAJECM,MRIQHJYRDL,QIDEQPUPDV,MYKEDALQQO,DVWSQWPKZM,GCNIKMDHIZ,PMQMJEBPLB,MSOYCJOGEK,BQZXIGDNFI,RYFJZDEMVT,JIFRRXYYNA,TDIVEAGZNX,GNYTXOZTOM,CVYSGXBVRX,QYEWUUPZTY,OGQJCQKGZZ,PGEYCLXQFJ,JCNALDPVGN,IUFXAJSBEP,MGRLQRXREQ,KMVCLPGXGK,SABOZNSDYQ,SECRJMMGCM,OJRUEAKXEY,JTFFMVWTZW,WSKFTVBSDL,DZSEYMPJBX,TTXCSEGLPT,KYENHPKYKI,TODUCUZMWH,ODMEKKZFHS,UEKAXEFXLE,OMRQDSVMCH,FKBROVMAOX,BWAAHZCMJP,VKGWVYYOKX,DNWKZMIFSU,ACMSOFDXVA,DRHTCBNJJD,GWWRIYCMGQ,VHHNLPFHSD,ZKJMGALUEA,MONAJQTCLD,JSPXPDHELK,OBHCLYFICQ,MRHWOAHYXT,RZZONLRHTU,JGLEZMOKFY,QRLQLFTUGG,HYWGJCKKDX,NUFEHMWVBI,QIAMKSTGWD,CXKPZIBKBA,ZZXREPTXPV,RCPJZQDJIO,JRDFQMQOTP,EBLREGDSJK,WOTHSNCBSN,LKHBNUWHGL,UENCOOKHML,XSSVAAGUKS,IDAAKFCCRY,IGWLWAFRIZ,UXVQPJWVZB,RHDBRFENRC,ZJVWNKPOTL,ENFUGIOYUM,FXCFDBPUHF,IZPOFVLLAZ,NJNXZBPCQW,AGMSFHXABA,IUOWZZJETT,XKACQMRZET,TUFYJYFLGH,WOAXMCGOHA,CGWPYSRLMW,DIIEDMKXAI,HIPARCYAUW,ZQSXXRCTGA,SDYIYHOKAL,ABQGJKAPRX,RMRCFYUKSD,DGEUKQIXLM,GUHAIEXSCZ,JOJKICPYPP,ODBAPCNNWL,VMDHHESMMP
XFGAVIZFHK,AYGPOYHUIS,GXJQWINGEL,PLQYRHYRLY,RHQIDDGZMP,YYZKQCLKZA,FEYXWBHWRL,RJRHDCBKAP,AYHVLRSHJH,PSWIMEQHXH,JMQVPSNXMT,APTFOWCSGD,YUHUTZLVWQ,PYXHFMHYEG,PQRVFZFYVS,VIASFARTIA,KJFKUGRTQN,NJYHRFMSBB,CGGRZGNREJ,GTTSDOUGUD,WGHJQAAHWC,LIXUVQXZNE,CTGXOCTWDY,XFRJKXYYVM,BASRUIQZEK,OLGTHDKHTZ,ALMTWDDUHT,DIQGNHOVTM,DGSLAQNRSH,ZGSWOYINEP,DHTZCZBHYK,OKZTJLKYUE,HIVEZCBACE,TYKSOPGTJG,MUIRGCYFAG,FFJVGZUVVJ,DGGOSRPSVD,FRHLWVIKYT,CPGTRIATMK,IZMUUJUNKV,XSIPUDXCRH,SDBIOJMERN,YFNIWZYSYP,TGYMTKTYJY,YJCXGSCOKL,BVBEFXLBCH,XKHRZVDYPB,ZDNVNZENQK,MZWEQIXQCV,NVGFWHRFEB,AROOIRZGPX,LECXTFXIZU,MWEYHNDLYY,SSQHEMLXID,NQNIRZRIRO,NZPIICOIXQ,KIHAZICCFG,QEPSYJTOMU,VIGGHFIGAN,ZLFRWOMGBC,WUGEHOFWDI,ZZFNPIOXDT,OSMFAESEUP,HOLKNEOTRT,WCAGEBURUZ,NCXLSVUCEJ,ZVUARJVZGU,EGXCHPYGVY,GYIKVOHBEO,RUZKUUYBCI,WGOIVEFSHD,ULDAEGPUMH,NIYJWZYOEZ,GBRHMEDOWL,WPJWILCBQZ,VSLRLCFXQM,ENPLCUROGI,UXEVWYUREN,OWWBVFGCSB,ZLXVIXKFZN,TFJLUXRHBM,RHAZOBBTHP,IBJTTFLRNV,ZMFRJSIERN,QKCFMJQIFM,RQLXIQXBYN,RQLXZDOEXI,BWILGTJOLA,WZMTYLXKSS,DYKBNZBUIS,YBJMOUEGGV,OASLGIKZCM,FQXANUPUDZ,KLRCGXNWNX,APAZIYSSAL,QFNUYJIATE,RCNOONVVJJ,FEYTSIGYNZ,AYRTKCMWZN,VSXAGFNYYY
AJAFJFDAIT,GRXBQOFITB,CUUUSXRTGE,ZAGMKGWTFD,UMGUAOLCDV,VDAHQXPVJK,ULZFXDGZEZ,YZJONSTHKP,COJFNRHNOZ,TWKBOYJKZI,KPZWMRCMRE,RSFAQTFNRN,QFHVUSUIPA,PRWQKXIHGC,VVRJBWDOCP,ACJJABMNKL,YPXGSJERZN,NTGGQMKFSE,NHRBOKYKOL,PTRKAWXWHC,LLDLPZGIYX,PYEOACKDGI,WPRSKFUORR,GFQDBNNGEX,WOXNKGQYZP,XRZTDNJHYH,MVRPUHPAUI,BPMTNDLCNN,AUDVWGMXJB,PHRUTISOUN,BNPWTCNNRT,LLRZNSMIMZ,OSPEGUIMZK,NCRJKZHCYP,OZDRZEFUMN,BOJJSSLTDA,CTOSLCVQNN,INCKBUJUWB,MDONULLZPL,LGDWLCWSFD,XWITATPNFR,UISYPAFGZZ,WWUKEADUWU,HZVUANVAGA,LXTVURFPGC,QJEYVZPVIS,FDKSWSACFL,DVWLEIEDHX,OHOQSKKTIV,WQRSSZMCTR,ARCQINEOFY,RBERHZZIWN,SHXRELLPQY,HKTCPMNGCR,JIVZBPBHYO,TKWCVDBHRT,VJKRIWQEMM,GHIFVCDSCD,KZPNJQCUWW,HJIVAVQQGT,RZXIJDQTQG,DBUFTMXKCS,KOYUCDHWDD,HZATBOCHFV,GTMVXLJHTM,JVMPOECSNW,INEDMPSRAJ,SETYAYGHSF,DWUMPSBVKY,BRMDQSDRGK,SJPJRVOHPC,IDZPGWYKFG,EGEFXATXFJ,MERCJXRFFT,XORPJSIRHY,YKELDSIZMD,BFTDQIUCCU,REKOLJMDJF,IEDMOAYUUG,ARCXWHZEYS,OARTOQSHAS,ZUOQIPEUHL,TRGVICIKXA,VMTEEYWRDL,TTPLSUVAPE,NNOCFQOWCZ,MWYMUYORRH,FKIVQYDYBW,SAUWEEAIYW,OEYHQMBAKW,JIHMIHECFY,YQGQJLHTVT,CARYITNFVH,XEKJFJBEYU,QDHGLGOGEP,OXZQEJGPML,YWKDBCTPRA,TLTDASFGJJ,JTCPQTGAMD,VUFKXXPRIG
QVHHBOZDFZ,CNRBEPIXGX,YMSCHTJZWS,ORGILGQTWU,UJVBIKNIQO,KIWYSIRWQB,GGLYIEYCMQ,GVPJRQYTWL,LANXRDYMMR,XDYFPEBGQN,ZIBJTDKQLT,DTZAMLBOQN,PZDMCKOMXZ,EDHTIWEQAI,AQKMPJNTJR,GZUGOPHMGY,OVWWXMEBHJ,SHEHMGHGNQ,RBZWIVZRNT,ORNRJLCCRE,TTESCZHGUN,MCLSNYKUQQ,VNMTZOVTTJ,ZHTXJRBHWW,ULOAILENRF,OKHYUCCHQP,HIHYFUYLDN,IWZXZQHKOZ,JXDLCTOZVE,RJWDPIQCYY,LQTGXNRSDP,YGKDENKMJG,DMULKRVBKA,CBIXGFBLMB,FKDBUMUBBJ,XKTEWDTVRD,ZJTMARHOOT,BIEKBRJBXL,FTWEPUYLBX,OLSPOONJZL,IQTMWPEILC,TLDHDQXWUY,XZHCSDLPGY,WFAKUSKYYC,DTNZVCCLOQ,ESYJRAKCUU,KYMSQLFXJE,UUSXHGDRDD,GPOACGJAAN,HZKQYFBDCW,QGNAJYYHKL,XGXERYAULY,GCOXPIEZMQ,HNPUIQQFAG,PEHVZNNJRB,URXANBAJQE,SOCEZTIGSW,KGNFFKUSFC,VRNDNZDBUO,UNAKDXHMLJ,JJAVIWHTGH,YSCZPDBIXF,ZVIOQOQTJE,LPVENOLJCC,KLQNKBPVTK,PGVQQSWFMX,PJBNKABBVP,JWORZQQPIC,WONXSWTBKM,RCWLDXITZW,ISTFYCRMVC,NWRHRKOGUF,VDSMTRBCKO,QFORASAONM,GWLEHDVMTB,FREFMGZDCR,ACZDHKNQVZ,LQGOEAAUAO,PXBVKHAAUY,XACUAALMUZ,QDDSECUBJE,AWXLYKKDNY,EXEIMFKETZ,ALLKUEFHTL,AROSKXFGLN,ULWNQIXALU,VGNFLWPBHZ,YLMJNYZYIX,YUMCCZXBOB,ZMZVPYJFEK,RHJOJDRNAU,QNGSOAXKLR,ZQNECHGPXL,PIQUDJCZCH,PKABSLZZJY,UKUDDNVBZX,DEHSFILXPM,ZMOYBUOMXE,UUTEDTCILT,PGOHXPUQRY
KMPICNMZYU,ZUOJPDQNXJ,NIHJKBJUYF,ZNFJMLMJJF,YHBKHQKXDK,ZYOUKAAILE,HDPYZSTEGT,GAOTEGABMR,OQCBXCJTTT,URUDOMJZPP,RCSOCOSMWM,KBKHYDEUGS,ZERTSSYDVN,XNFQAYEUPH,GXIJAZJXYU,XCZBVVXYEO,QASAMTEAIW,OETYZBMKNZ,AKJVYMVJGJ,GUEZUGNUBB,PATEVBYRUP,DUITVUAVOD,BYPRPQYIIO,UDLWQQUOGR,FKAOBPRPDH,RKVRJHNLQO,PROWVWEXNH,ZSHPQCOCUZ,OACWHHCUMJ,WKOAAKDCYT,OQVGVZJPUF,GLOQFDEQSL,SMKOMFQOVV,MXWNSITLUL,YDJXJPCEXF,CCFKCMWWNZ,CAMWSEYYZR,EBPLSLXCMF,RJUXZTOHSF,WIGEMWLZVD,KDOODDZYXE,DTUBHKJFJW,LRNPEKTHII,PXEKJMAXBY,MAHZUOZIGO,LNESTCQHTM,JXOPZFCPDT,XMFYQCUHRZ,SDGZWAKJIU,PYSARMNQDZ,QEUSFPNVPW,CPOYPZFVZL,DTIKFLBLSZ,JEVTXRIVCO,GQWKETTIQK,NOZTVYCCNG,RMNQZCFYVU,CVNRANOGYK,CBTGYNQVSI,PISCVWDATW,EHOSSXIIWN,IKVTGKZFVC,BFVQCHGMHV,VGYRSXHQNN,FEUQFOWUHM,OIGMVVTXKG,OHKKNYYFAX,UJYZQWKUFA,EQNWUMOKLN,ZNVSTJITNX,HAYYDCAOXZ,HJARYJDEMH,NAHSQDWOXJ,XMKKZYWGIH,HCFKCWZZGB,PLZVRSZCDK,EMTVJDPOVI,CDICKCREBB,BFBKMBWVSG,DUAWZWGQZB,MRZHKXDCBF,MXFGUDZOCE,QTLIEDJBKN,ELZWRKBQXN,WXIAYEDVGY,JWYFEQPPNJ,VPTUXFSQGE,IDOWFYQCXK,IKHGOGAPLL,JMNHZLQDVD,FTBHJNMCEA,HRNFYABXUL,YBZSDZZLDB,MNBPIYSDWF,ONPCTXDEBY,OIVFWYXGWO,GRHKIXQKHG,WHUAEFWDIH,XABDJQSIZP,JVGRCXZRLU
KBXNNSQXWR,LKPPDRGUKL,DKMUGXOWTF,GJFUGEZZNF,RKOOKKOJQX,HFFKLZVDNG,NHGHVHJTYW,UZODJALTSS,LORMBELBXH,DRWEMLQYVU,ZWYAILZSIB,AAQNECXNVT,WQHWORSKUY,TCQSUTUFRZ,CIUARGUMBC,GCBDABSAOF,ANFIRGCORV,FCURFYNDYW,ZKPZFZHUPT,DZGXGMVWPU,LJQDXBZCWG,MWRLARBWKU,RGNTBRKPWU,BJYCPQFLYQ,INYOYZWLWG,ADGHGNSWEI,TBWNIRJHKB,LMFGYMGOPQ,WRXJQMKSGM,WUIHSNJWKT,VNVYIYDBYP,TGGFLBCWVI,WVRKUSBIQP,XSOQHTMCDE,RTPBUWZTOQ,FOAOZCNXXS,HDIRXMSUGW,WPGRKKZJZE,AVBFJJYEFJ,MVEHVEUFSM,EJZOVJXAEH,XZNFVQAEWB,CBCBJHLZBS,TPDTYJSSSG,CSFHGTOCYK,LDGJGFIABP,KEGOFRKECX,ULTSEHGWOZ,YZWLVXTOPF,GSGVEUISNL,FLTTXCIDBH,CPYOTVYLUQ,GCQZVHDYNY,MDCZZLVFOK,LLXQRDEPDA,ORNEEEMFEH,SBZAQDWDWI,HNHJVOXACG,HCOGRNHQPK,ANNYATEKFO,NDZDTFEBYT,IVOOGNTUTF,SGIHZOXNWY,FGTFPVQNQG,WBBFDDEZCQ,DKNFGJSQNN,PQGIAITJGZ,KGAELYTBNE,WFDZLZIJVV,SDNYWKESVX,SCYBUAFLQY,ARFMTRHPKK,BFDJXYHOMK,DWEIYZNQZN,LDSJKEOVNV,AATEBUZDBW,OMFDBRXQQQ,DENABBBHXM,PGYUDJMZWJ,TFJDHSGWDG,JDOWYUEDRL,HMYDNLLGHN,PDTRCVCKNS,IMHIDTNFOX,FSTISFRRYZ,WXZLNIBURJ,XTLRSFGXML,FKABBQPNUS,WFRKJSYCXO,WECEZHCANC,ERGUMFVZON,YIAEPXEHSG,WTZNIZLXYL,CLFVJZUOXI,PYLKZLIEES,WNSZQOKRKI,HKVOJNDRFD,EVZIZPIFQJ,IJVPBREDMT,RQZPRSZSXT
DNCANLIAHQ,QTNUHIRHEH,MDMHBGBQOL,DETDLVEOXB,QXYQYXVBUU,NIWFLZBKHP,ZQCLZSFYES,BRFJHZAXOU,KRPIGPYUFB,VYDGGVEPOX,QTOCDSVKSJ,XYXLADYBDS,IFCQQAERVA,QCUQQISSSH,RKLNQAFJRF,YTETFPQKIA,KOORUWFZMP,NKHWUNQTWR,QCGGWXROCU,KDKRJGDSAZ,UAMTFOIXIU,YJXPWRQXJC,CNPGOPEURJ,IJZWNEVVNN,NCZLOFPHHR,LZTYAPRJGR,KHZVBYTQBU,SITYVQBOXZ,FGXBTPDMFV,OSQIQXRIEI,RRKIJNJRHN,CBYZBMPDSP,JADGLISJOC,GBXAWHLDHF,GJNSNYQZHO,IWAODTEYYE,KQAYQDXHDN,RXDUYQFLVC,CXWXYKCMAE,FPABHNXCDX,XYTTPKIFXF,HPVYTFSULO,KTSRAMSJHI,KDPYMXHUFG,YARUJAJQOE,XCMVSIHDUD,NJNFXBJGWO,UIQCUEQSDW,QXIPYSBZTJ,ECWSAQADDJ,TNFRYVPMZA,YJDJSPQOTY,ZXLQYZVSSQ,BYQUVOYODA,ZHQAAHIGKE,CEDOKQJQXJ,ZYAIPUWUUZ,VRJFPKRKYA,FRELEJOICS,EUIRBIBGAY,DTPQVQMXPV,NNCLBMUBCU,IJCYSSIVHP,UDWVFODSSB,CSXBOZNFLN,RLRQMCGJLI,BLPZCBWURB,FRWKNJGYLZ,TSUTITJTZL,CKDUTDHDVC,PIXBANXLLJ,WIFUZCYKIR,TXXPKSOHFQ,PWXCHOPBHB,RGGREOEIIT,XUEJRLBFIL,WTCPIQOUKM,ZFBRSLBRYY,RQKOUKESRJ,PNSEPWSNAK,YJFTZOJOAX,ESTWBNFEFT,NYZVZBVCGS,AXTHVPRCAP,ZBJYLPRJOU,PXSKANQCYF,DSEVORWRQR,EUVKGVIAVB,ASIRSLDYDI,VXUZJNCEZZ,BRJTLWISNX,KAWLYFIJFA,ZYHKJGZIEK,JPXNVAIPDH,TBJVWHWPYP,GLTCZOXYXE,YHJDRBKFGE,PMGAPVDULF,UNLFVROIKP,KDFLUSWCFI
QNCECTJYFR,QBMXHODMXM,VRHSMWYFTQ,KSZMJQZYDZ,RJXTSZWXZX,KKSCRXOXKU,CZKTPZRIEH,XEXZTPATZL,ACHUYZXGDC,KSSNEOFQKZ,GRBUCXBNDM,JDMTRXJOZM,MZLLLCZAOS,DTVITBMVEM,CDVHZENIBC,HRRNFGHUPN,NKQEBHYGUZ,GLJGCMSFOG,QZJKBNKRFX,UNGINYYOZO,OBTQXPZRRQ,RXCZVUWPKZ,JWQECPSBDC,NTDKYWOISF,TBTKPBNJEA,FRDMVRHSYR,DPXALSVWHA,ORVBPZJVVH,TUTZBVFPBC,XVGMJWWGTX,OLJPOYPWZP,QEWEZBMEPY,SFRAZMCEER,IHHXYBLGKM,DVIDEDHYTI,OEPFFUCBKM,DZOFMHUORW,YCDOTTMHPO,HELGXHYEPI,LEDUAPTWHY,YFKWHLMESQ,NMJWAGHOUW,VETBKCARYG,YBCIROYSCL,UGGYFCPKZA,BEUNCECZPZ,ZWNALLIHJP,ZEVFNHTVXC,BTBUUROMNF,AHUZLYPBXJ,CHNHDXCJSH,LHTOMIUZBZ,UWFCRHPJBP,JOHRGKCBGC,ANBFVIUKGY,RTFWQKPEBW,BDGOSWFIEI,SMPCHINOTS,VZGWJJWKPE,TMTRXAVBTZ,YDJGADDGHJ,AUNBMJYKIK,BQJLRJVSPD,ATACCEYWHH,GDABVBGOUP,DEDSYBHLJS,BNQVOBPDNC,HRQOFZCEIJ,BEIFACFNAN,FHSPEXWTWT,HUSOREUGXN,OMEDZOVEDS,ASQTDTGYPR,BIKDYLEDHV,OKKWGKKTPJ,OXQLBZTOUO,AJJQFRUGCF,ETISFWOXHZ,OZUMHUDCCH,QXIXWWZHHV,PMXDHVVOTH,DLBXKFPQYF,JYAJPUNLPG,YVVYYQHFZI,QIXWMGZGTM,BBDNSOBGZA,XVFKYQWYAY,LUYKPBGETY,DVWPFZISLT,ZUTSRGFDMH,KBJSJVMQNQ,KHBHHVDEPU,SELPTPEFBH,DKUEIPSXKN,QJVKYBFGTX,YRQTKOJZWJ,KSFLCOQZID,DCIAFTTFDA,NRJXQCVHQV,ANVRWODNZE
LRXOUPGYVQ,FONPQQLKTF,NKLYKEQZKD,PRYWANSMLL,REGUGLXPSI,PCXFCHWSQW,PAHPDWGLBO,YVVEPDVEXS,LCMQKWRONV,UPIWELHAJF,RKAGULYMKS,XSLZFLQLRI,HYTMHZDGFT,MTXKVZOFIO,TRKREQYFCZ,TYZWLRUSLZ,PJBJSVGODT,MBJFBWOZYQ,WIJUSLHJNO,ZDOALDIEYW,TBFRCVMKNY,QRCXOMYXCX,BCDVHINCMN,ZILFAMCMIT,JTQBALWWCT,DLRYWHRFJQ,OUSEYVUAWL,FBGQEJFUKW,LTBXANXJAO,TCKBQCDDAC,EVEMSYGAIW,PFIZPILAON,CZXJAOSSIW,CIXOPUGQNZ,RTHTBJTGIJ,XYCFAMDOUZ,DZUQKQVPGF,NSYJLVXWGA,ZCISIJODST,MOKYRJZWQE,HDLCKEMYEF,GHLSHGDHIY,MLGXJPYGEP,VDJXFBBEPO,FNKVOZEXCZ,ODLSUFODLO,VFNCJEDAOM,CQCVMIBFWE,VSCOMTGBYP,WACMBUJUUW,OZPUDUVOHV,ONWWTOLDKF,EECYWMJGAI,UNMCOSWUIC,DCPFTSCELP,HSLICPBCAI,TXOZVRTZJX,QRSXTPFRVC,SDOEXSBSQW,WXOWTEJEOT,DOWTPEVHBO,USZMRIQWYZ,BYNSSRQDSK,BUTAKUUWFJ,TKUSYFPVRA,EORTTTVZFH,RYQJCVHZGF,OCUULKEIIQ,OSGXJOCNBF,BLCNJAXWHY,VQPVPAUBAY,AMZSMLTCQI,JIYSDFVUEB,TJQAMQBXXL,WOGDVWWNYU,PYOCEFYCNP,ACRHQPCZBN,QBRKQAXMXA,BXQPTYUZTF,FSYGLFWKYS,BLYZSOHFJZ,JYYHJBPGCK,UWHHCSSKRR,BNSAGKSRPO,RAQUMXZEAN,GWJFMKJXBQ,POKDAVGOVC,YWRDTWPOXF,ZEYOOFNABN,ULQNORYYNC,BPVRWPJVSB,QHOAQZQDVH,TQSZPSWRCT,XMTIIAKHHL,XDJBNFWVOO,XYMNICCCKD,VMQSXMXSUI,MOQUUXFYIJ,XUUXBRXKHL,RAEFMTNFOR
MGEIXPLIYV,XDOKOEOMVR,TRXTDTFQKS,DVSGVZFNKJ,JLRQRAVDBZ,ECWZNQZFAW,QUXTLNVWMI,XRYEJIOFLM,RIPVZTTLMI,UGSKFNPTIK,GTMNRZVQUF,PWUWUUBWZN,XUAPTSKMLN,QHHKVVYILQ,NXSSWQUWCS,NSNBSUSSEM,NFMPNDTKFY,JEBFUILJEG,WCHNETIJRI,IMFRXRZBYG,ABMIUUYRHI,FCZEXKJXAZ,OILNDJQQDG,JPZGHTYCNE,ICESBWSWHI,SFBFGAPZJZ,VBHBPDMROV,EJMHUEGLIN,NBKCQXRZCX,CVTWSNWHCD,BQRFSXSBDR,TLUYDMQLVQ,BILFXWECUN,DXTFJWNMCC,EEQZSXUWXO,GLMCRINIKS,QMERMZGPVE,ZRZZCWOPPC,BIBFNFTUDP,DNRODLLUBT,WOGJBZPKKO,VNRZOODTJH,SNEIJZLZQZ,HOGQDQTDTI,FLJOZALUJZ,OTAXBCMUAQ,EDZAWPRQUQ,ONAZHDBUZN,OUJZFBMNQT,XFMZBOWUAK,FEFJXIRRBC,EKQSAZFPCL,MYNKTIMOXS,BEZZDZDSTG,YNDKJCTXQG,XIXOLHJESB,ZPMIQCRMBO,EDOLZNLZAJ,DAPDXHSIXO,RRWYEYBNWH,QIYBPRFKTG,PSYNLFFLWE,VSFTOIULLW,PILOZRCZZD,BHXVBKCGCY,RXTKCVYLEA,OKXZGKFLEA,DXOWVWKFCV,QJRMWTZTAF,PKFTIEQZHZ,IBTIGJDDUQ,ESUDSLNNEL,UNXZPVAEZT,EFYHCGDCXW,GYOWJWLWQE,GEDBZNCGXE,WRPHZVRBOH,LMRTEBCXWT,ZXCJWIFOSG,DDMUTTYPPJ,XWSSCUWOBI,SOCGKXCESN,XHUNZKGIZP,BDVUBGTICG,DSTYULMCQY,APOPCLAWUX,DAREIEMNIE,BIDGLQELOK,BUKYOSJYAJ,VWVSXNBXQF,OIERPDHPRM,DXVUMPWHOS,LYFOSFMKHR,CTMRLLXITD,WLEKLZOXNK,MKZCFQVWTO,CGFODJEVMN,AAOREWHNUA,GNBWHFQNXC,BMGZXHETWU
